invoicedate,usd_to_nis
2018-01-01 00:00:00+00,3.47575
2018-01-02 00:00:00+00,3.45067
2018-01-03 00:00:00+00,3.44976
2018-01-04 00:00:00+00,3.44679
2018-01-05 00:00:00+00,3.433863
2018-01-06 00:00:00+00,3.433863
2018-01-07 00:00:00+00,3.433218
2018-01-09 00:00:00+00,3.4427
2018-01-10 00:00:00+00,3.427135
2018-01-11 00:00:00+00,3.42351
2018-01-12 00:00:00+00,3.3942
2018-01-13 00:00:00+00,3.3942
2018-01-15 00:00:00+00,3.400605
2018-01-16 00:00:00+00,3.43168
2018-01-17 00:00:00+00,3.439595
2018-01-18 00:00:00+00,3.416745
2018-01-19 00:00:00+00,3.421158
2018-01-20 00:00:00+00,3.421158
2018-01-21 00:00:00+00,3.42134
2018-01-22 00:00:00+00,3.414285
2018-01-23 00:00:00+00,3.40954
2018-01-24 00:00:00+00,3.4114
2018-01-25 00:00:00+00,3.3928
2018-01-28 00:00:00+00,3.392305
2018-01-30 00:00:00+00,3.418655
2018-02-01 00:00:00+00,3.428378
2018-02-02 00:00:00+00,3.4503
2018-02-03 00:00:00+00,3.4503
2018-02-04 00:00:00+00,3.449165
2018-02-05 00:00:00+00,3.459015
2018-02-06 00:00:00+00,3.481055
2018-02-07 00:00:00+00,3.49501
2018-02-08 00:00:00+00,3.517735
2018-02-09 00:00:00+00,3.51845
2018-02-10 00:00:00+00,3.51845
2018-02-11 00:00:00+00,3.528
2018-02-12 00:00:00+00,3.522455
2018-02-14 00:00:00+00,3.522595
2018-02-17 00:00:00+00,3.54365
2018-02-18 00:00:00+00,3.545925
2018-02-19 00:00:00+00,3.507365
2018-02-20 00:00:00+00,3.500055
2018-02-21 00:00:00+00,3.498905
2018-02-22 00:00:00+00,3.491055
2018-02-24 00:00:00+00,3.48678
2018-02-25 00:00:00+00,3.488141
2018-02-26 00:00:00+00,3.484382
2018-02-28 00:00:00+00,3.476755
2018-03-01 00:00:00+00,3.460315
2018-03-02 00:00:00+00,3.442442
2018-03-04 00:00:00+00,3.445605
2018-03-05 00:00:00+00,3.466095
2018-03-06 00:00:00+00,3.45957
2018-03-07 00:00:00+00,3.454625
2018-03-08 00:00:00+00,3.46065
2018-03-09 00:00:00+00,3.4436
2018-03-10 00:00:00+00,3.4436
2018-03-11 00:00:00+00,3.45185
2018-03-12 00:00:00+00,3.44257
2018-03-13 00:00:00+00,3.431675
2018-03-14 00:00:00+00,3.43549
2018-03-15 00:00:00+00,3.45295
2018-03-16 00:00:00+00,3.457415
2018-03-17 00:00:00+00,3.457415
2018-03-18 00:00:00+00,3.457975
2018-03-19 00:00:00+00,3.47314
2018-03-20 00:00:00+00,3.47638
2018-03-21 00:00:00+00,3.470713
2018-03-22 00:00:00+00,3.484553
2018-03-23 00:00:00+00,3.4862
2018-03-24 00:00:00+00,3.4862
2018-03-26 00:00:00+00,3.49724
2018-03-27 00:00:00+00,3.4873
2018-03-28 00:00:00+00,3.508
2018-03-29 00:00:00+00,3.50725
2018-03-31 00:00:00+00,3.4904
2018-04-01 00:00:00+00,3.503255
2018-04-03 00:00:00+00,3.532955
2018-04-04 00:00:00+00,3.537585
2018-04-05 00:00:00+00,3.529055
2018-04-06 00:00:00+00,3.53138
2018-04-07 00:00:00+00,3.53138
2018-04-08 00:00:00+00,3.526615
2018-04-09 00:00:00+00,3.522905
2018-04-10 00:00:00+00,3.502465
2018-04-11 00:00:00+00,3.50835
2018-04-12 00:00:00+00,3.51455
2018-04-13 00:00:00+00,3.5175
2018-04-14 00:00:00+00,3.5175
2018-04-15 00:00:00+00,3.522
2018-04-17 00:00:00+00,3.5152
2018-04-18 00:00:00+00,3.511599
2018-04-19 00:00:00+00,3.523
2018-04-20 00:00:00+00,3.529655
2018-04-21 00:00:00+00,3.529655
2018-04-22 00:00:00+00,3.53055
2018-04-23 00:00:00+00,3.54495
2018-04-24 00:00:00+00,3.56509
2018-04-25 00:00:00+00,3.59434
2018-04-26 00:00:00+00,3.58915
2018-04-27 00:00:00+00,3.588
2018-04-28 00:00:00+00,3.588
2018-04-29 00:00:00+00,3.58832
2018-04-30 00:00:00+00,3.59804
2018-05-01 00:00:00+00,3.61014
2018-05-02 00:00:00+00,3.62681
2018-05-03 00:00:00+00,3.61932
2018-05-04 00:00:00+00,3.61367
2018-05-05 00:00:00+00,3.61367
2018-05-06 00:00:00+00,3.622195
2018-05-07 00:00:00+00,3.60634
2018-05-08 00:00:00+00,3.624445
2018-05-09 00:00:00+00,3.58548
2018-05-10 00:00:00+00,3.566305
2018-05-11 00:00:00+00,3.576895
2018-05-12 00:00:00+00,3.576895
2018-05-13 00:00:00+00,3.5752
2018-05-14 00:00:00+00,3.593975
2018-05-15 00:00:00+00,3.598795
2018-05-16 00:00:00+00,3.58421
2018-05-17 00:00:00+00,3.589575
2018-05-19 00:00:00+00,3.59216
2018-05-20 00:00:00+00,3.5942
2018-05-21 00:00:00+00,3.57357
2018-05-22 00:00:00+00,3.565623
2018-05-23 00:00:00+00,3.572595
2018-05-24 00:00:00+00,3.56607
2018-05-25 00:00:00+00,3.561165
2018-05-26 00:00:00+00,3.561165
2018-05-27 00:00:00+00,3.559165
2018-05-28 00:00:00+00,3.57312
2018-05-30 00:00:00+00,3.569295
2018-05-31 00:00:00+00,3.563755
2018-06-01 00:00:00+00,3.558
2018-06-02 00:00:00+00,3.558
2018-06-03 00:00:00+00,3.561277
2018-06-04 00:00:00+00,3.565075
2018-06-05 00:00:00+00,3.56561
2018-06-06 00:00:00+00,3.57223
2018-06-07 00:00:00+00,3.572693
2018-06-08 00:00:00+00,3.56809
2018-06-09 00:00:00+00,3.56809
2018-06-10 00:00:00+00,3.574135
2018-06-11 00:00:00+00,3.575828
2018-06-13 00:00:00+00,3.589452
2018-06-14 00:00:00+00,3.616415
2018-06-15 00:00:00+00,3.626305
2018-06-16 00:00:00+00,3.626305
2018-06-17 00:00:00+00,3.625495
2018-06-18 00:00:00+00,3.64113
2018-06-19 00:00:00+00,3.63165
2018-06-21 00:00:00+00,3.620175
2018-06-22 00:00:00+00,3.605665
2018-06-23 00:00:00+00,3.605665
2018-06-24 00:00:00+00,3.611575
2018-06-25 00:00:00+00,3.619745
2018-06-26 00:00:00+00,3.63927
2018-06-28 00:00:00+00,3.65801
2018-06-29 00:00:00+00,3.656165
2018-06-30 00:00:00+00,3.656165
2018-07-01 00:00:00+00,3.660225
2018-07-02 00:00:00+00,3.6673
2018-07-03 00:00:00+00,3.65485
2018-07-05 00:00:00+00,3.63815
2018-07-06 00:00:00+00,3.6246
2018-07-07 00:00:00+00,3.6246
2018-07-08 00:00:00+00,3.62617
2018-07-09 00:00:00+00,3.62955
2018-07-10 00:00:00+00,3.63851
2018-07-11 00:00:00+00,3.6489
2018-07-12 00:00:00+00,3.63828
2018-07-13 00:00:00+00,3.638165
2018-07-14 00:00:00+00,3.638165
2018-07-15 00:00:00+00,3.64425
2018-07-16 00:00:00+00,3.625145
2018-07-17 00:00:00+00,3.633215
2018-07-18 00:00:00+00,3.636685
2018-07-21 00:00:00+00,3.628385
2018-07-22 00:00:00+00,3.633943
2018-07-23 00:00:00+00,3.644575
2018-07-24 00:00:00+00,3.65544
2018-07-25 00:00:00+00,3.632598
2018-07-26 00:00:00+00,3.650975
2018-07-27 00:00:00+00,3.6518
2018-07-29 00:00:00+00,3.657395
2018-07-31 00:00:00+00,3.66795
2018-08-01 00:00:00+00,3.67185
2018-08-02 00:00:00+00,3.68835
2018-08-03 00:00:00+00,3.693455
2018-08-04 00:00:00+00,3.693455
2018-08-05 00:00:00+00,3.690625
2018-08-06 00:00:00+00,3.706329
2018-08-07 00:00:00+00,3.67981
2018-08-08 00:00:00+00,3.678865
2018-08-09 00:00:00+00,3.69175
2018-08-10 00:00:00+00,3.7157
2018-08-11 00:00:00+00,3.7157
2018-08-12 00:00:00+00,3.71857
2018-08-13 00:00:00+00,3.695645
2018-08-14 00:00:00+00,3.68197
2018-08-16 00:00:00+00,3.67127
2018-08-17 00:00:00+00,3.660335
2018-08-18 00:00:00+00,3.660335
2018-08-19 00:00:00+00,3.66424
2018-08-20 00:00:00+00,3.654165
2018-08-21 00:00:00+00,3.64395
2018-08-23 00:00:00+00,3.64736
2018-08-24 00:00:00+00,3.627005
2018-08-25 00:00:00+00,3.627005
2018-08-26 00:00:00+00,3.62825
2018-08-27 00:00:00+00,3.63315
2018-08-29 00:00:00+00,3.608905
2018-08-30 00:00:00+00,3.609913
2018-08-31 00:00:00+00,3.607625
2018-09-01 00:00:00+00,3.607625
2018-09-03 00:00:00+00,3.61342
2018-09-04 00:00:00+00,3.616775
2018-09-05 00:00:00+00,3.6005
2018-09-06 00:00:00+00,3.581755
2018-09-07 00:00:00+00,3.5914
2018-09-08 00:00:00+00,3.5914
2018-09-09 00:00:00+00,3.588835
2018-09-10 00:00:00+00,3.5864
2018-09-11 00:00:00+00,3.58266
2018-09-12 00:00:00+00,3.577415
2018-09-13 00:00:00+00,3.566845
2018-09-16 00:00:00+00,3.5806
2018-09-17 00:00:00+00,3.58135
2018-09-18 00:00:00+00,3.590305
2018-09-19 00:00:00+00,3.58501
2018-09-20 00:00:00+00,3.571765
2018-09-22 00:00:00+00,3.57036
2018-09-24 00:00:00+00,3.57889
2018-09-25 00:00:00+00,3.585545
2018-09-26 00:00:00+00,3.5829
2018-09-27 00:00:00+00,3.60587
2018-09-28 00:00:00+00,3.640178
2018-09-29 00:00:00+00,3.640178
2018-09-30 00:00:00+00,3.63395
2018-10-01 00:00:00+00,3.63675
2018-10-02 00:00:00+00,3.64987
2018-10-03 00:00:00+00,3.642625
2018-10-04 00:00:00+00,3.63477
2018-10-05 00:00:00+00,3.62937
2018-10-06 00:00:00+00,3.62937
2018-10-07 00:00:00+00,3.62545
2018-10-08 00:00:00+00,3.6413
2018-10-09 00:00:00+00,3.63778
2018-10-10 00:00:00+00,3.63
2018-10-11 00:00:00+00,3.62992
2018-10-12 00:00:00+00,3.6242
2018-10-13 00:00:00+00,3.6242
2018-10-14 00:00:00+00,3.633165
2018-10-16 00:00:00+00,3.641385
2018-10-17 00:00:00+00,3.6457
2018-10-18 00:00:00+00,3.65895
2018-10-20 00:00:00+00,3.6581
2018-10-21 00:00:00+00,3.6581
2018-10-22 00:00:00+00,3.66223
2018-10-23 00:00:00+00,3.67205
2018-10-24 00:00:00+00,3.6808
2018-10-25 00:00:00+00,3.6935
2018-10-26 00:00:00+00,3.704145
2018-10-27 00:00:00+00,3.704145
2018-10-29 00:00:00+00,3.70555
2018-10-30 00:00:00+00,3.71301
2018-10-31 00:00:00+00,3.72284
2018-11-04 00:00:00+00,3.69545
2018-11-05 00:00:00+00,3.69077
2018-11-06 00:00:00+00,3.6877
2018-11-07 00:00:00+00,3.6667
2018-11-08 00:00:00+00,3.66654
2018-11-09 00:00:00+00,3.67285
2018-11-10 00:00:00+00,3.67285
2018-11-11 00:00:00+00,3.674356
2018-11-12 00:00:00+00,3.6934
2018-11-15 00:00:00+00,3.71235
2018-11-16 00:00:00+00,3.7045
2018-11-17 00:00:00+00,3.7045
2018-11-18 00:00:00+00,3.705066
2018-11-21 00:00:00+00,3.7293
2018-11-22 00:00:00+00,3.73865
2018-11-24 00:00:00+00,3.73425
2018-11-25 00:00:00+00,3.735049
2018-11-27 00:00:00+00,3.7352
2018-11-28 00:00:00+00,3.73275
2018-11-29 00:00:00+00,3.71095
2018-11-30 00:00:00+00,3.721204
2018-12-01 00:00:00+00,3.721204
2018-12-02 00:00:00+00,3.729118
2018-12-04 00:00:00+00,3.7338
2018-12-06 00:00:00+00,3.73881
2018-12-08 00:00:00+00,3.73305
2018-12-09 00:00:00+00,3.732528
2018-12-10 00:00:00+00,3.74326
2018-12-11 00:00:00+00,3.75105
2018-12-12 00:00:00+00,3.74857
2018-12-13 00:00:00+00,3.76546
2018-12-14 00:00:00+00,3.773
2018-12-15 00:00:00+00,3.773
2018-12-16 00:00:00+00,3.772841
2018-12-17 00:00:00+00,3.76742
2018-12-18 00:00:00+00,3.7598
2018-12-21 00:00:00+00,3.7658
2018-12-23 00:00:00+00,3.764194
2018-12-25 00:00:00+00,3.77115
2018-12-26 00:00:00+00,3.77785
2018-12-27 00:00:00+00,3.77125
2018-12-28 00:00:00+00,3.76365
2018-12-29 00:00:00+00,3.76365
2018-12-30 00:00:00+00,3.764423
2019-01-03 00:00:00+00,3.7275
2019-01-04 00:00:00+00,3.712305
2019-01-05 00:00:00+00,3.712305
2019-01-06 00:00:00+00,3.712022
2019-01-07 00:00:00+00,3.70765
2019-01-08 00:00:00+00,3.6982
2019-01-09 00:00:00+00,3.6764
2019-01-10 00:00:00+00,3.6688
2019-01-11 00:00:00+00,3.67335
2019-01-12 00:00:00+00,3.67335
2019-01-13 00:00:00+00,3.673054
2019-01-14 00:00:00+00,3.66305
2019-01-15 00:00:00+00,3.66696
2019-01-18 00:00:00+00,3.68854
2019-01-19 00:00:00+00,3.68854
2019-01-20 00:00:00+00,3.68854
2019-01-21 00:00:00+00,3.6955
2019-01-22 00:00:00+00,3.679969
2019-01-23 00:00:00+00,3.67375
2019-01-24 00:00:00+00,3.67385
2019-01-25 00:00:00+00,3.66835
2019-01-26 00:00:00+00,3.66835
2019-01-27 00:00:00+00,3.668245
2019-01-28 00:00:00+00,3.67686
2019-01-29 00:00:00+00,3.67845
2019-01-30 00:00:00+00,3.66525
2019-01-31 00:00:00+00,3.63142
2019-02-01 00:00:00+00,3.63754
2019-02-02 00:00:00+00,3.63754
2019-02-03 00:00:00+00,3.63762
2019-02-04 00:00:00+00,3.609511
2019-02-05 00:00:00+00,3.60715
2019-02-06 00:00:00+00,3.6202
2019-02-07 00:00:00+00,3.63135
2019-02-08 00:00:00+00,3.642113
2019-02-09 00:00:00+00,3.642113
2019-02-10 00:00:00+00,3.644044
2019-02-11 00:00:00+00,3.64624
2019-02-12 00:00:00+00,3.63726
2019-02-13 00:00:00+00,3.64765
2019-02-16 00:00:00+00,3.62023
2019-02-17 00:00:00+00,3.617933
2019-02-18 00:00:00+00,3.6192
2019-02-19 00:00:00+00,3.61883
2019-02-21 00:00:00+00,3.61898
2019-02-22 00:00:00+00,3.611095
2019-02-23 00:00:00+00,3.611095
2019-02-24 00:00:00+00,3.611095
2019-02-25 00:00:00+00,3.60645
2019-02-26 00:00:00+00,3.62098
2019-02-27 00:00:00+00,3.617073
2019-02-28 00:00:00+00,3.62315
2019-03-01 00:00:00+00,3.6305
2019-03-02 00:00:00+00,3.6305
2019-03-03 00:00:00+00,3.631318
2019-03-04 00:00:00+00,3.6252
2019-03-05 00:00:00+00,3.618
2019-03-06 00:00:00+00,3.6085
2019-03-07 00:00:00+00,3.6231
2019-03-08 00:00:00+00,3.6254
2019-03-09 00:00:00+00,3.6254
2019-03-10 00:00:00+00,3.62884
2019-03-11 00:00:00+00,3.6229
2019-03-12 00:00:00+00,3.61473
2019-03-13 00:00:00+00,3.6003
2019-03-14 00:00:00+00,3.6068
2019-03-15 00:00:00+00,3.5958
2019-03-16 00:00:00+00,3.5958
2019-03-18 00:00:00+00,3.60424
2019-03-19 00:00:00+00,3.6036
2019-03-20 00:00:00+00,3.6108
2019-03-21 00:00:00+00,3.60155
2019-03-23 00:00:00+00,3.62135
2019-03-25 00:00:00+00,3.6281
2019-03-26 00:00:00+00,3.621
2019-03-27 00:00:00+00,3.63445
2019-03-28 00:00:00+00,3.626476
2019-03-29 00:00:00+00,3.6294
2019-03-30 00:00:00+00,3.6294
2019-03-31 00:00:00+00,3.628909
2019-04-01 00:00:00+00,3.62065
2019-04-02 00:00:00+00,3.6242
2019-04-03 00:00:00+00,3.6032
2019-04-04 00:00:00+00,3.58935
2019-04-05 00:00:00+00,3.5777
2019-04-06 00:00:00+00,3.5777
2019-04-07 00:00:00+00,3.577337
2019-04-08 00:00:00+00,3.58808
2019-04-09 00:00:00+00,3.5807
2019-04-10 00:00:00+00,3.57935
2019-04-11 00:00:00+00,3.57925
2019-04-12 00:00:00+00,3.5643
2019-04-13 00:00:00+00,3.5643
2019-04-14 00:00:00+00,3.564502
2019-04-15 00:00:00+00,3.5634
2019-04-16 00:00:00+00,3.5667
2019-04-17 00:00:00+00,3.57435
2019-04-18 00:00:00+00,3.5942
2019-04-19 00:00:00+00,3.59455
2019-04-20 00:00:00+00,3.59455
2019-04-21 00:00:00+00,3.594748
2019-04-22 00:00:00+00,3.59365
2019-04-23 00:00:00+00,3.607244
2019-04-24 00:00:00+00,3.6183
2019-04-26 00:00:00+00,3.621115
2019-04-27 00:00:00+00,3.621115
2019-04-28 00:00:00+00,3.62096
2019-04-29 00:00:00+00,3.6153
2019-04-30 00:00:00+00,3.6007
2019-05-02 00:00:00+00,3.59695
2019-05-03 00:00:00+00,3.58308
2019-05-04 00:00:00+00,3.58308
2019-05-05 00:00:00+00,3.582974
2019-05-07 00:00:00+00,3.592
2019-05-08 00:00:00+00,3.5739
2019-05-09 00:00:00+00,3.57084
2019-05-10 00:00:00+00,3.55899
2019-05-11 00:00:00+00,3.55899
2019-05-12 00:00:00+00,3.559747
2019-05-13 00:00:00+00,3.5742
2019-05-14 00:00:00+00,3.577166
2019-05-16 00:00:00+00,3.5712
2019-05-17 00:00:00+00,3.5712
2019-05-18 00:00:00+00,3.5712
2019-05-19 00:00:00+00,3.571528
2019-05-20 00:00:00+00,3.58171
2019-05-21 00:00:00+00,3.61525
2019-05-22 00:00:00+00,3.61425
2019-05-23 00:00:00+00,3.61329
2019-05-24 00:00:00+00,3.60526
2019-05-26 00:00:00+00,3.605523
2019-05-27 00:00:00+00,3.6036
2019-05-28 00:00:00+00,3.613037
2019-05-29 00:00:00+00,3.6165
2019-05-30 00:00:00+00,3.6327
2019-06-01 00:00:00+00,3.62803
2019-06-02 00:00:00+00,3.628113
2019-06-03 00:00:00+00,3.6243
2019-06-04 00:00:00+00,3.619425
2019-06-05 00:00:00+00,3.6039
2019-06-06 00:00:00+00,3.5962
2019-06-08 00:00:00+00,3.5756
2019-06-09 00:00:00+00,3.575278
2019-06-10 00:00:00+00,3.5791
2019-06-11 00:00:00+00,3.5812
2019-06-12 00:00:00+00,3.5826
2019-06-13 00:00:00+00,3.59965
2019-06-14 00:00:00+00,3.60065
2019-06-15 00:00:00+00,3.60065
2019-06-16 00:00:00+00,3.600618
2019-06-17 00:00:00+00,3.60965
2019-06-18 00:00:00+00,3.6106
2019-06-19 00:00:00+00,3.5962
2019-06-20 00:00:00+00,3.5829
2019-06-21 00:00:00+00,3.621725
2019-06-22 00:00:00+00,3.621725
2019-06-23 00:00:00+00,3.621744
2019-06-24 00:00:00+00,3.6011
2019-06-25 00:00:00+00,3.5928
2019-06-26 00:00:00+00,3.5887
2019-06-27 00:00:00+00,3.5727
2019-06-28 00:00:00+00,3.5667
2019-06-29 00:00:00+00,3.5667
2019-06-30 00:00:00+00,3.566616
2019-07-01 00:00:00+00,3.5739
2019-07-02 00:00:00+00,3.5734
2019-07-03 00:00:00+00,3.569
2019-07-04 00:00:00+00,3.5639
2019-07-05 00:00:00+00,3.57425
2019-07-06 00:00:00+00,3.57425
2019-07-07 00:00:00+00,3.5746
2019-07-08 00:00:00+00,3.5716
2019-07-09 00:00:00+00,3.56665
2019-07-10 00:00:00+00,3.55301
2019-07-11 00:00:00+00,3.5508
2019-07-12 00:00:00+00,3.5554
2019-07-13 00:00:00+00,3.5554
2019-07-14 00:00:00+00,3.555302
2019-07-15 00:00:00+00,3.53855
2019-07-16 00:00:00+00,3.5477
2019-07-18 00:00:00+00,3.5419
2019-07-19 00:00:00+00,3.53955
2019-07-21 00:00:00+00,3.539489
2019-07-22 00:00:00+00,3.5277
2019-07-23 00:00:00+00,3.53925
2019-07-25 00:00:00+00,3.5242
2019-07-26 00:00:00+00,3.52095
2019-07-27 00:00:00+00,3.52095
2019-07-28 00:00:00+00,3.52095
2019-07-29 00:00:00+00,3.5244
2019-07-30 00:00:00+00,3.4945
2019-07-31 00:00:00+00,3.4971
2019-08-01 00:00:00+00,3.5098
2019-08-02 00:00:00+00,3.4908
2019-08-03 00:00:00+00,3.4908
2019-08-04 00:00:00+00,3.490692
2019-08-05 00:00:00+00,3.488
2019-08-06 00:00:00+00,3.4843
2019-08-07 00:00:00+00,3.4796
2019-08-08 00:00:00+00,3.4766
2019-08-09 00:00:00+00,3.47798
2019-08-10 00:00:00+00,3.47798
2019-08-11 00:00:00+00,3.477959
2019-08-12 00:00:00+00,3.4751
2019-08-13 00:00:00+00,3.4821
2019-08-14 00:00:00+00,3.52055
2019-08-15 00:00:00+00,3.5321
2019-08-16 00:00:00+00,3.546213
2019-08-17 00:00:00+00,3.546213
2019-08-18 00:00:00+00,3.54632
2019-08-19 00:00:00+00,3.52425
2019-08-20 00:00:00+00,3.528
2019-08-21 00:00:00+00,3.52474
2019-08-22 00:00:00+00,3.5186
2019-08-23 00:00:00+00,3.51175
2019-08-24 00:00:00+00,3.51175
2019-08-25 00:00:00+00,3.511831
2019-08-26 00:00:00+00,3.521
2019-08-27 00:00:00+00,3.5198
2019-08-28 00:00:00+00,3.5331
2019-08-29 00:00:00+00,3.53185
2019-08-31 00:00:00+00,3.530475
2019-09-01 00:00:00+00,3.530704
2019-09-03 00:00:00+00,3.5391
2019-09-04 00:00:00+00,3.528395
2019-09-05 00:00:00+00,3.5159
2019-09-06 00:00:00+00,3.51825
2019-09-07 00:00:00+00,3.51825
2019-09-08 00:00:00+00,3.518281
2019-09-09 00:00:00+00,3.527
2019-09-11 00:00:00+00,3.5401
2019-09-12 00:00:00+00,3.5375
2019-09-13 00:00:00+00,3.5293
2019-09-14 00:00:00+00,3.5293
2019-09-15 00:00:00+00,3.529112
2019-09-16 00:00:00+00,3.545323
2019-09-17 00:00:00+00,3.54785
2019-09-18 00:00:00+00,3.5283
2019-09-19 00:00:00+00,3.51296
2019-09-20 00:00:00+00,3.52195
2019-09-22 00:00:00+00,3.521995
2019-09-23 00:00:00+00,3.5149
2019-09-24 00:00:00+00,3.49955
2019-09-25 00:00:00+00,3.5028
2019-09-27 00:00:00+00,3.482225
2019-09-29 00:00:00+00,3.481919
2019-09-30 00:00:00+00,3.47583
2019-10-01 00:00:00+00,3.48267
2019-10-03 00:00:00+00,3.4974
2019-10-04 00:00:00+00,3.4779
2019-10-05 00:00:00+00,3.4779
2019-10-06 00:00:00+00,3.478928
2019-10-07 00:00:00+00,3.50839
2019-10-09 00:00:00+00,3.50392
2019-10-10 00:00:00+00,3.5086
2019-10-11 00:00:00+00,3.5068
2019-10-12 00:00:00+00,3.5068
2019-10-13 00:00:00+00,3.505155
2019-10-14 00:00:00+00,3.51014
2019-10-15 00:00:00+00,3.5178
2019-10-16 00:00:00+00,3.53344
2019-10-17 00:00:00+00,3.53985
2019-10-18 00:00:00+00,3.54365
2019-10-19 00:00:00+00,3.54365
2019-10-20 00:00:00+00,3.54373
2019-10-21 00:00:00+00,3.5408
2019-10-23 00:00:00+00,3.5298
2019-10-24 00:00:00+00,3.53345
2019-10-25 00:00:00+00,3.53415
2019-10-26 00:00:00+00,3.53415
2019-10-27 00:00:00+00,3.53563
2019-10-28 00:00:00+00,3.53241
2019-10-29 00:00:00+00,3.52714
2019-10-30 00:00:00+00,3.52837
2019-10-31 00:00:00+00,3.523
2019-11-01 00:00:00+00,3.5251
2019-11-02 00:00:00+00,3.5251
2019-11-03 00:00:00+00,3.52554
2019-11-04 00:00:00+00,3.51325
2019-11-05 00:00:00+00,3.49457
2019-11-06 00:00:00+00,3.4884
2019-11-07 00:00:00+00,3.4968
2019-11-08 00:00:00+00,3.49362
2019-11-09 00:00:00+00,3.49362
2019-11-10 00:00:00+00,3.494036
2019-11-12 00:00:00+00,3.5037
2019-11-13 00:00:00+00,3.4935
2019-11-14 00:00:00+00,3.48305
2019-11-15 00:00:00+00,3.47225
2019-11-16 00:00:00+00,3.47225
2019-11-17 00:00:00+00,3.47313
2019-11-18 00:00:00+00,3.45625
2019-11-19 00:00:00+00,3.4621
2019-11-20 00:00:00+00,3.47215
2019-11-21 00:00:00+00,3.46082
2019-11-22 00:00:00+00,3.471615
2019-11-23 00:00:00+00,3.471615
2019-11-24 00:00:00+00,3.471123
2019-11-25 00:00:00+00,3.46555
2019-11-26 00:00:00+00,3.4666
2019-11-27 00:00:00+00,3.469634
2019-11-28 00:00:00+00,3.47664
2019-11-29 00:00:00+00,3.47062
2019-12-01 00:00:00+00,3.470876
2019-12-02 00:00:00+00,3.4731
2019-12-03 00:00:00+00,3.48476
2019-12-04 00:00:00+00,3.4717
2019-12-05 00:00:00+00,3.46501
2019-12-07 00:00:00+00,3.47165
2019-12-08 00:00:00+00,3.47105
2019-12-09 00:00:00+00,3.46874
2019-12-10 00:00:00+00,3.4751
2019-12-11 00:00:00+00,3.47635
2019-12-12 00:00:00+00,3.4806
2019-12-13 00:00:00+00,3.48307
2019-12-14 00:00:00+00,3.48307
2019-12-15 00:00:00+00,3.483014
2019-12-16 00:00:00+00,3.49738
2019-12-17 00:00:00+00,3.49158
2019-12-18 00:00:00+00,3.49729
2019-12-19 00:00:00+00,3.4814
2019-12-20 00:00:00+00,3.4753
2019-12-23 00:00:00+00,3.47515
2019-12-24 00:00:00+00,3.4746
2019-12-25 00:00:00+00,3.4746
2019-12-26 00:00:00+00,3.47006
2019-12-27 00:00:00+00,3.45834
2019-12-28 00:00:00+00,3.45834
2019-12-29 00:00:00+00,3.458332
2019-12-31 00:00:00+00,3.4542
2020-01-01 00:00:00+00,3.4542
2020-01-02 00:00:00+00,3.45072
2020-01-03 00:00:00+00,3.47405
2020-01-05 00:00:00+00,3.47369
2020-01-06 00:00:00+00,3.47355
2020-01-07 00:00:00+00,3.46814
2020-01-08 00:00:00+00,3.46493
2020-01-09 00:00:00+00,3.46761
2020-01-10 00:00:00+00,3.46475
2020-01-11 00:00:00+00,3.46475
2020-01-12 00:00:00+00,3.46479
2020-01-13 00:00:00+00,3.4667
2020-01-14 00:00:00+00,3.4608
2020-01-15 00:00:00+00,3.4559
2020-01-16 00:00:00+00,3.4549
2020-01-17 00:00:00+00,3.45469
2020-01-18 00:00:00+00,3.45469
2020-01-19 00:00:00+00,3.45465
2020-01-20 00:00:00+00,3.45643
2020-01-21 00:00:00+00,3.45624
2020-01-22 00:00:00+00,3.4617
2020-01-23 00:00:00+00,3.45604
2020-01-24 00:00:00+00,3.45495
2020-01-25 00:00:00+00,3.45495
2020-01-26 00:00:00+00,3.45491
2020-01-27 00:00:00+00,3.4597
2020-01-28 00:00:00+00,3.4539
2020-01-29 00:00:00+00,3.45232
2020-01-30 00:00:00+00,3.45143
2020-01-31 00:00:00+00,3.4485
2020-02-02 00:00:00+00,3.4484
2020-02-03 00:00:00+00,3.44558
2020-02-04 00:00:00+00,3.44724
2020-02-05 00:00:00+00,3.4411
2020-02-06 00:00:00+00,3.4301
2020-02-07 00:00:00+00,3.42888
2020-02-08 00:00:00+00,3.42888
2020-02-09 00:00:00+00,3.428576
2020-02-10 00:00:00+00,3.421962
2020-02-12 00:00:00+00,3.43342
2020-02-13 00:00:00+00,3.42377
2020-02-14 00:00:00+00,3.42706
2020-02-15 00:00:00+00,3.42706
2020-02-16 00:00:00+00,3.427068
2020-02-17 00:00:00+00,3.42405
2020-02-18 00:00:00+00,3.419718
2020-02-19 00:00:00+00,3.42638
2020-02-20 00:00:00+00,3.42537
2020-02-22 00:00:00+00,3.41698
2020-02-23 00:00:00+00,3.41678
2020-02-24 00:00:00+00,3.42445
2020-02-25 00:00:00+00,3.42725
2020-02-26 00:00:00+00,3.42945
2020-02-27 00:00:00+00,3.45766
2020-02-29 00:00:00+00,3.491975
2020-03-01 00:00:00+00,3.49273
2020-03-02 00:00:00+00,3.48325
2020-03-03 00:00:00+00,3.44185
2020-03-04 00:00:00+00,3.45146
2020-03-05 00:00:00+00,3.47354
2020-03-07 00:00:00+00,3.4858
2020-03-08 00:00:00+00,3.48564
2020-03-09 00:00:00+00,3.52384
2020-03-10 00:00:00+00,3.5418
2020-03-11 00:00:00+00,3.55059
2020-03-13 00:00:00+00,3.66615
2020-03-14 00:00:00+00,3.66615
2020-03-15 00:00:00+00,3.66891
2020-03-16 00:00:00+00,3.762975
2020-03-17 00:00:00+00,3.83915
2020-03-18 00:00:00+00,3.76502
2020-03-19 00:00:00+00,3.65035
2020-03-20 00:00:00+00,3.607625
2020-03-21 00:00:00+00,3.607625
2020-03-22 00:00:00+00,3.609329
2020-03-23 00:00:00+00,3.71375
2020-03-24 00:00:00+00,3.603035
2020-03-25 00:00:00+00,3.62531
2020-03-26 00:00:00+00,3.58138
2020-03-27 00:00:00+00,3.56555
2020-03-28 00:00:00+00,3.56555
2020-03-29 00:00:00+00,3.56461
2020-03-30 00:00:00+00,3.568495
2020-03-31 00:00:00+00,3.538225
2020-04-02 00:00:00+00,3.64715
2020-04-03 00:00:00+00,3.63657
2020-04-05 00:00:00+00,3.636408
2020-04-06 00:00:00+00,3.58585
2020-04-07 00:00:00+00,3.575505
2020-04-10 00:00:00+00,3.578415
2020-04-12 00:00:00+00,3.578415
2020-04-13 00:00:00+00,3.5738
2020-04-14 00:00:00+00,3.58338
2020-04-15 00:00:00+00,3.60706
2020-04-16 00:00:00+00,3.5897
2020-04-17 00:00:00+00,3.59021
2020-04-18 00:00:00+00,3.59021
2020-04-19 00:00:00+00,3.588542
2020-04-20 00:00:00+00,3.5514
2020-04-21 00:00:00+00,3.5534
2020-04-22 00:00:00+00,3.5401
2020-04-23 00:00:00+00,3.52732
2020-04-24 00:00:00+00,3.52115
2020-04-25 00:00:00+00,3.52115
2020-04-26 00:00:00+00,3.52122
2020-04-27 00:00:00+00,3.5028
2020-04-28 00:00:00+00,3.49936
2020-04-29 00:00:00+00,3.49858
2020-04-30 00:00:00+00,3.478105
2020-05-01 00:00:00+00,3.5085
2020-05-03 00:00:00+00,3.508204
2020-05-04 00:00:00+00,3.525
2020-05-05 00:00:00+00,3.51612
2020-05-06 00:00:00+00,3.51422
2020-05-07 00:00:00+00,3.51363
2020-05-08 00:00:00+00,3.507033
2020-05-09 00:00:00+00,3.507033
2020-05-10 00:00:00+00,3.5071
2020-05-11 00:00:00+00,3.51038
2020-05-12 00:00:00+00,3.51276
2020-05-13 00:00:00+00,3.52772
2020-05-14 00:00:00+00,3.54601
2020-05-15 00:00:00+00,3.5382
2020-05-16 00:00:00+00,3.5382
2020-05-17 00:00:00+00,3.53755
2020-05-18 00:00:00+00,3.5283
2020-05-19 00:00:00+00,3.51143
2020-05-20 00:00:00+00,3.50218
2020-05-21 00:00:00+00,3.51651
2020-05-22 00:00:00+00,3.53135
2020-05-23 00:00:00+00,3.53135
2020-05-24 00:00:00+00,3.53105
2020-05-25 00:00:00+00,3.52825
2020-05-28 00:00:00+00,3.51392
2020-05-29 00:00:00+00,3.50545
2020-05-30 00:00:00+00,3.50545
2020-05-31 00:00:00+00,3.50243
2020-06-01 00:00:00+00,3.494788
2020-06-02 00:00:00+00,3.47333
2020-06-03 00:00:00+00,3.47642
2020-06-04 00:00:00+00,3.44996
2020-06-06 00:00:00+00,3.4689
2020-06-08 00:00:00+00,3.451685
2020-06-09 00:00:00+00,3.44432
2020-06-11 00:00:00+00,3.45406
2020-06-13 00:00:00+00,3.4756
2020-06-14 00:00:00+00,3.47695
2020-06-15 00:00:00+00,3.4912
2020-06-16 00:00:00+00,3.45904
2020-06-17 00:00:00+00,3.450485
2020-06-18 00:00:00+00,3.448715
2020-06-19 00:00:00+00,3.44935
2020-06-20 00:00:00+00,3.44935
2020-06-21 00:00:00+00,3.4506
2020-06-22 00:00:00+00,3.43739
2020-06-23 00:00:00+00,3.42572
2020-06-24 00:00:00+00,3.43583
2020-06-25 00:00:00+00,3.43787
2020-06-27 00:00:00+00,3.43025
2020-06-29 00:00:00+00,3.44543
2020-06-30 00:00:00+00,3.4615
2020-07-01 00:00:00+00,3.45021
2020-07-02 00:00:00+00,3.44195
2020-07-04 00:00:00+00,3.43541
2020-07-05 00:00:00+00,3.43561
2020-07-06 00:00:00+00,3.45527
2020-07-07 00:00:00+00,3.44306
2020-07-08 00:00:00+00,3.4491
2020-07-09 00:00:00+00,3.44838
2020-07-10 00:00:00+00,3.45695
2020-07-11 00:00:00+00,3.45695
2020-07-12 00:00:00+00,3.45687
2020-07-13 00:00:00+00,3.4375
2020-07-15 00:00:00+00,3.4269
2020-07-16 00:00:00+00,3.444164
2020-07-19 00:00:00+00,3.43854
2020-07-20 00:00:00+00,3.42233
2020-07-21 00:00:00+00,3.42059
2020-07-22 00:00:00+00,3.41891
2020-07-23 00:00:00+00,3.41374
2020-07-24 00:00:00+00,3.41272
2020-07-25 00:00:00+00,3.41272
2020-07-26 00:00:00+00,3.41248
2020-07-27 00:00:00+00,3.41403
2020-07-29 00:00:00+00,3.40352
2020-07-30 00:00:00+00,3.40793
2020-07-31 00:00:00+00,3.4047
2020-08-01 00:00:00+00,3.4047
2020-08-02 00:00:00+00,3.40178
2020-08-03 00:00:00+00,3.41063
2020-08-04 00:00:00+00,3.41703
2020-08-05 00:00:00+00,3.40236
2020-08-07 00:00:00+00,3.41072
2020-08-08 00:00:00+00,3.41072
2020-08-09 00:00:00+00,3.410912
2020-08-10 00:00:00+00,3.41078
2020-08-11 00:00:00+00,3.40603
2020-08-12 00:00:00+00,3.40854
2020-08-13 00:00:00+00,3.4021
2020-08-14 00:00:00+00,3.4063
2020-08-16 00:00:00+00,3.4061
2020-08-17 00:00:00+00,3.40672
2020-08-18 00:00:00+00,3.4
2020-08-19 00:00:00+00,3.4008
2020-08-20 00:00:00+00,3.40186
2020-08-21 00:00:00+00,3.40075
2020-08-22 00:00:00+00,3.40075
2020-08-24 00:00:00+00,3.4005
2020-08-25 00:00:00+00,3.40025
2020-08-26 00:00:00+00,3.39965
2020-08-27 00:00:00+00,3.37643
2020-08-28 00:00:00+00,3.3615
2020-08-29 00:00:00+00,3.3615
2020-08-30 00:00:00+00,3.36158
2020-08-31 00:00:00+00,3.3535
2020-09-01 00:00:00+00,3.35506
2020-09-03 00:00:00+00,3.36346
2020-09-04 00:00:00+00,3.3727
2020-09-05 00:00:00+00,3.3727
2020-09-06 00:00:00+00,3.37294
2020-09-07 00:00:00+00,3.37882
2020-09-08 00:00:00+00,3.3923
2020-09-09 00:00:00+00,3.399056
2020-09-10 00:00:00+00,3.41599
2020-09-11 00:00:00+00,3.45863
2020-09-13 00:00:00+00,3.459174
2020-09-15 00:00:00+00,3.42502
2020-09-17 00:00:00+00,3.4272
2020-09-18 00:00:00+00,3.4165
2020-09-19 00:00:00+00,3.4165
2020-09-20 00:00:00+00,3.4169
2020-09-21 00:00:00+00,3.46205
2020-09-22 00:00:00+00,3.43427
2020-09-23 00:00:00+00,3.45464
2020-09-24 00:00:00+00,3.47633
2020-09-25 00:00:00+00,3.48061
2020-09-26 00:00:00+00,3.48061
2020-09-27 00:00:00+00,3.480834
2020-09-28 00:00:00+00,3.462344
2020-09-29 00:00:00+00,3.447275
2020-09-30 00:00:00+00,3.41992
2020-10-01 00:00:00+00,3.42723
2020-10-02 00:00:00+00,3.43008
2020-10-03 00:00:00+00,3.43008
2020-10-04 00:00:00+00,3.430104
2020-10-06 00:00:00+00,3.40594
2020-10-07 00:00:00+00,3.40375
2020-10-08 00:00:00+00,3.39256
2020-10-09 00:00:00+00,3.37754
2020-10-10 00:00:00+00,3.37754
2020-10-11 00:00:00+00,3.377484
2020-10-12 00:00:00+00,3.38456
2020-10-13 00:00:00+00,3.38912
2020-10-14 00:00:00+00,3.37464
2020-10-16 00:00:00+00,3.37853
2020-10-18 00:00:00+00,3.378578
2020-10-19 00:00:00+00,3.38517
2020-10-20 00:00:00+00,3.37958
2020-10-21 00:00:00+00,3.37475
2020-10-22 00:00:00+00,3.38287
2020-10-23 00:00:00+00,3.37835
2020-10-26 00:00:00+00,3.39101
2020-10-27 00:00:00+00,3.38044
2020-10-28 00:00:00+00,3.40833
2020-10-29 00:00:00+00,3.42194
2020-10-30 00:00:00+00,3.40687
2020-10-31 00:00:00+00,3.40687
2020-11-01 00:00:00+00,3.40655
2020-11-02 00:00:00+00,3.412938
2020-11-03 00:00:00+00,3.40638
2020-11-04 00:00:00+00,3.39489
2020-11-05 00:00:00+00,3.37545
2020-11-06 00:00:00+00,3.37496
2020-11-07 00:00:00+00,3.37496
2020-11-08 00:00:00+00,3.374512
2020-11-09 00:00:00+00,3.36446
2020-11-10 00:00:00+00,3.38257
2020-11-11 00:00:00+00,3.37662
2020-11-12 00:00:00+00,3.369856
2020-11-13 00:00:00+00,3.3682
2020-11-14 00:00:00+00,3.3682
2020-11-17 00:00:00+00,3.36845
2020-11-18 00:00:00+00,3.36845
2020-11-19 00:00:00+00,3.3483
2020-11-21 00:00:00+00,3.34016
2020-11-22 00:00:00+00,3.339026
2020-11-23 00:00:00+00,3.35163
2020-11-24 00:00:00+00,3.33695
2020-11-26 00:00:00+00,3.32225
2020-11-27 00:00:00+00,3.31443
2020-11-29 00:00:00+00,3.314414
2020-11-30 00:00:00+00,3.305165
2020-12-01 00:00:00+00,3.28908
2020-12-02 00:00:00+00,3.28945
2020-12-04 00:00:00+00,3.27171
2020-12-05 00:00:00+00,3.27171
2020-12-06 00:00:00+00,3.271454
2020-12-07 00:00:00+00,3.25469
2020-12-08 00:00:00+00,3.25965
2020-12-09 00:00:00+00,3.24973
2020-12-11 00:00:00+00,3.25466
2020-12-12 00:00:00+00,3.25466
2020-12-13 00:00:00+00,3.254612
2020-12-14 00:00:00+00,3.26052
2020-12-16 00:00:00+00,3.25092
2020-12-17 00:00:00+00,3.24195
2020-12-18 00:00:00+00,3.2372
2020-12-19 00:00:00+00,3.2372
2020-12-21 00:00:00+00,3.25285
2020-12-22 00:00:00+00,3.23056
2020-12-23 00:00:00+00,3.21595
2020-12-24 00:00:00+00,3.2144
2020-12-27 00:00:00+00,3.222151
2020-12-28 00:00:00+00,3.22236
2020-12-29 00:00:00+00,3.21891
2020-12-31 00:00:00+00,3.21302
2021-01-01 00:00:00+00,3.21302
2021-01-02 00:00:00+00,3.21302
2021-01-04 00:00:00+00,3.20892
2021-01-05 00:00:00+00,3.20377
2021-01-06 00:00:00+00,3.186565
2021-01-07 00:00:00+00,3.18273
2021-01-09 00:00:00+00,3.18293
2021-01-10 00:00:00+00,3.182682
2021-01-11 00:00:00+00,3.17892
2021-01-12 00:00:00+00,3.15799
2021-01-13 00:00:00+00,3.13027
2021-01-15 00:00:00+00,3.26898
2021-01-16 00:00:00+00,3.26898
2021-01-17 00:00:00+00,3.268156
2021-01-18 00:00:00+00,3.23425
2021-01-19 00:00:00+00,3.24843
2021-01-20 00:00:00+00,3.27004
2021-01-21 00:00:00+00,3.27291
2021-01-22 00:00:00+00,3.2726
2021-01-23 00:00:00+00,3.2726
2021-01-24 00:00:00+00,3.27224
2021-01-25 00:00:00+00,3.27607
2021-01-26 00:00:00+00,3.26491
2021-01-27 00:00:00+00,3.26589
2021-01-28 00:00:00+00,3.28238
2021-01-29 00:00:00+00,3.27505
2021-01-30 00:00:00+00,3.27505
2021-01-31 00:00:00+00,3.277478
2021-02-01 00:00:00+00,3.29539
2021-02-02 00:00:00+00,3.29731
2021-02-03 00:00:00+00,3.3011
2021-02-04 00:00:00+00,3.2914
2021-02-05 00:00:00+00,3.28905
2021-02-06 00:00:00+00,3.28905
2021-02-08 00:00:00+00,3.26655
2021-02-09 00:00:00+00,3.24985
2021-02-11 00:00:00+00,3.24894
2021-02-12 00:00:00+00,3.25149
2021-02-13 00:00:00+00,3.25149
2021-02-15 00:00:00+00,3.24279
2021-02-16 00:00:00+00,3.23977
2021-02-17 00:00:00+00,3.26969
2021-02-19 00:00:00+00,3.271
2021-02-20 00:00:00+00,3.271
2021-02-21 00:00:00+00,3.269728
2021-02-22 00:00:00+00,3.26475
2021-02-23 00:00:00+00,3.26905
2021-02-24 00:00:00+00,3.26459
2021-02-26 00:00:00+00,3.310951
2021-02-27 00:00:00+00,3.310951
2021-02-28 00:00:00+00,3.313228
2021-03-01 00:00:00+00,3.30432
2021-03-02 00:00:00+00,3.29808
2021-03-03 00:00:00+00,3.30602
2021-03-04 00:00:00+00,3.30901
2021-03-05 00:00:00+00,3.33261
2021-03-07 00:00:00+00,3.333146
2021-03-08 00:00:00+00,3.33783
2021-03-09 00:00:00+00,3.32694
2021-03-10 00:00:00+00,3.32327
2021-03-11 00:00:00+00,3.30784
2021-03-12 00:00:00+00,3.32731
2021-03-13 00:00:00+00,3.32731
2021-03-14 00:00:00+00,3.327806
2021-03-15 00:00:00+00,3.3104
2021-03-16 00:00:00+00,3.29593
2021-03-17 00:00:00+00,3.29792
2021-03-18 00:00:00+00,3.2927
2021-03-19 00:00:00+00,3.30079
2021-03-20 00:00:00+00,3.30079
2021-03-22 00:00:00+00,3.3006
2021-03-23 00:00:00+00,3.29225
2021-03-24 00:00:00+00,3.30393
2021-03-25 00:00:00+00,3.331172
2021-03-26 00:00:00+00,3.33131
2021-03-27 00:00:00+00,3.33131
2021-03-28 00:00:00+00,3.331646
2021-03-29 00:00:00+00,3.331075
2021-03-30 00:00:00+00,3.33646
2021-03-31 00:00:00+00,3.3348
2021-04-01 00:00:00+00,3.33398
2021-04-02 00:00:00+00,3.33151
2021-04-03 00:00:00+00,3.33151
2021-04-04 00:00:00+00,3.330782
2021-04-05 00:00:00+00,3.31075
2021-04-07 00:00:00+00,3.29295
2021-04-08 00:00:00+00,3.28245
2021-04-09 00:00:00+00,3.29089
2021-04-10 00:00:00+00,3.29089
2021-04-11 00:00:00+00,3.290754
2021-04-12 00:00:00+00,3.29586
2021-04-13 00:00:00+00,3.29341
2021-04-14 00:00:00+00,3.28065
2021-04-15 00:00:00+00,3.2801
2021-04-16 00:00:00+00,3.27869
2021-04-17 00:00:00+00,3.27869
2021-04-18 00:00:00+00,3.283432
2021-04-19 00:00:00+00,3.26114
2021-04-20 00:00:00+00,3.24972
2021-04-22 00:00:00+00,3.25777
2021-04-24 00:00:00+00,3.25815
2021-04-25 00:00:00+00,3.25779
2021-04-26 00:00:00+00,3.23774
2021-04-27 00:00:00+00,3.24054
2021-04-28 00:00:00+00,3.25114
2021-04-29 00:00:00+00,3.2492
2021-04-30 00:00:00+00,3.24314
2021-05-01 00:00:00+00,3.24314
2021-05-02 00:00:00+00,3.243068
2021-05-03 00:00:00+00,3.25004
2021-05-04 00:00:00+00,3.26282
2021-05-05 00:00:00+00,3.26752
2021-05-07 00:00:00+00,3.25361
2021-05-08 00:00:00+00,3.25361
2021-05-09 00:00:00+00,3.253514
2021-05-10 00:00:00+00,3.253158
2021-05-11 00:00:00+00,3.28931
2021-05-12 00:00:00+00,3.28663
2021-05-13 00:00:00+00,3.2866
2021-05-14 00:00:00+00,3.27493
2021-05-17 00:00:00+00,3.27944
2021-05-18 00:00:00+00,3.25353
2021-05-19 00:00:00+00,3.26677
2021-05-20 00:00:00+00,3.25713
2021-05-21 00:00:00+00,3.25582
2021-05-22 00:00:00+00,3.25582
2021-05-24 00:00:00+00,3.2501
2021-05-25 00:00:00+00,3.24335
2021-05-26 00:00:00+00,3.24722
2021-05-27 00:00:00+00,3.24307
2021-05-28 00:00:00+00,3.24919
2021-05-29 00:00:00+00,3.24919
2021-05-30 00:00:00+00,3.25075
2021-05-31 00:00:00+00,3.24851
2021-06-01 00:00:00+00,3.24069
2021-06-02 00:00:00+00,3.24988
2021-06-04 00:00:00+00,3.25122
2021-06-05 00:00:00+00,3.25122
2021-06-06 00:00:00+00,3.250847
2021-06-08 00:00:00+00,3.24369
2021-06-09 00:00:00+00,3.24214
2021-06-10 00:00:00+00,3.24403
2021-06-11 00:00:00+00,3.2534
2021-06-12 00:00:00+00,3.2534
2021-06-13 00:00:00+00,3.25328
2021-06-14 00:00:00+00,3.24587
2021-06-15 00:00:00+00,3.24135
2021-06-16 00:00:00+00,3.2392
2021-06-17 00:00:00+00,3.26417
2021-06-19 00:00:00+00,3.27836
2021-06-21 00:00:00+00,3.26863
2021-06-22 00:00:00+00,3.260598
2021-06-24 00:00:00+00,3.24395
2021-06-25 00:00:00+00,3.25178
2021-06-26 00:00:00+00,3.25178
2021-06-27 00:00:00+00,3.248817
2021-06-28 00:00:00+00,3.259376
2021-06-29 00:00:00+00,3.254202
2021-06-30 00:00:00+00,3.25879
2021-07-01 00:00:00+00,3.26891
2021-07-02 00:00:00+00,3.27258
2021-07-03 00:00:00+00,3.27258
2021-07-04 00:00:00+00,3.269222
2021-07-05 00:00:00+00,3.26298
2021-07-07 00:00:00+00,3.27387
2021-07-08 00:00:00+00,3.28109
2021-07-09 00:00:00+00,3.2809
2021-07-10 00:00:00+00,3.2809
2021-07-11 00:00:00+00,3.28094
2021-07-13 00:00:00+00,3.28265
2021-07-14 00:00:00+00,3.26424
2021-07-15 00:00:00+00,3.27707
2021-07-16 00:00:00+00,3.28932
2021-07-17 00:00:00+00,3.28932
2021-07-19 00:00:00+00,3.2997
2021-07-20 00:00:00+00,3.29215
2021-07-21 00:00:00+00,3.27824
2021-07-22 00:00:00+00,3.2725
2021-07-23 00:00:00+00,3.2736
2021-07-24 00:00:00+00,3.2736
2021-07-25 00:00:00+00,3.273072
2021-07-26 00:00:00+00,3.2558
2021-07-27 00:00:00+00,3.25443
2021-07-28 00:00:00+00,3.256154
2021-07-29 00:00:00+00,3.24107
2021-07-30 00:00:00+00,3.22686
2021-07-31 00:00:00+00,3.22686
2021-08-01 00:00:00+00,3.227196
2021-08-02 00:00:00+00,3.22398
2021-08-03 00:00:00+00,3.21254
2021-08-04 00:00:00+00,3.21297
2021-08-05 00:00:00+00,3.21208
2021-08-06 00:00:00+00,3.2258
2021-08-07 00:00:00+00,3.2258
2021-08-08 00:00:00+00,3.22576
2021-08-09 00:00:00+00,3.220834
2021-08-10 00:00:00+00,3.22557
2021-08-11 00:00:00+00,3.23047
2021-08-12 00:00:00+00,3.22225
2021-08-13 00:00:00+00,3.21573
2021-08-15 00:00:00+00,3.21556
2021-08-16 00:00:00+00,3.22755
2021-08-17 00:00:00+00,3.23696
2021-08-18 00:00:00+00,3.23344
2021-08-19 00:00:00+00,3.24858
2021-08-20 00:00:00+00,3.23874
2021-08-21 00:00:00+00,3.23874
2021-08-22 00:00:00+00,3.238724
2021-08-23 00:00:00+00,3.2285
2021-08-24 00:00:00+00,3.21837
2021-08-25 00:00:00+00,3.22988
2021-08-26 00:00:00+00,3.22413
2021-08-27 00:00:00+00,3.21987
2021-08-28 00:00:00+00,3.21987
2021-08-29 00:00:00+00,3.219774
2021-08-31 00:00:00+00,3.20415
2021-09-01 00:00:00+00,3.20655
2021-09-02 00:00:00+00,3.20831
2021-09-03 00:00:00+00,3.2006
2021-09-05 00:00:00+00,3.20056
2021-09-06 00:00:00+00,3.20352
2021-09-07 00:00:00+00,3.20473
2021-09-08 00:00:00+00,3.205
2021-09-11 00:00:00+00,3.20017
2021-09-12 00:00:00+00,3.20013
2021-09-13 00:00:00+00,3.210958
2021-09-14 00:00:00+00,3.211678
2021-09-15 00:00:00+00,3.2052
2021-09-16 00:00:00+00,3.21131
2021-09-18 00:00:00+00,3.20635
2021-09-19 00:00:00+00,3.20627
2021-09-20 00:00:00+00,3.21153
2021-09-21 00:00:00+00,3.20605
2021-09-22 00:00:00+00,3.20167
2021-09-23 00:00:00+00,3.19884
2021-09-24 00:00:00+00,3.19886
2021-09-25 00:00:00+00,3.19886
2021-09-26 00:00:00+00,3.198684
2021-09-27 00:00:00+00,3.20145
2021-09-28 00:00:00+00,3.21007
2021-09-30 00:00:00+00,3.22641
2021-10-01 00:00:00+00,3.2189
2021-10-02 00:00:00+00,3.2189
2021-10-03 00:00:00+00,3.21834
2021-10-04 00:00:00+00,3.22294
2021-10-05 00:00:00+00,3.23335
2021-10-06 00:00:00+00,3.2385
2021-10-07 00:00:00+00,3.22517
2021-10-08 00:00:00+00,3.23301
2021-10-09 00:00:00+00,3.23301
2021-10-10 00:00:00+00,3.23235
2021-10-12 00:00:00+00,3.23126
2021-10-13 00:00:00+00,3.23061
2021-10-14 00:00:00+00,3.22222
2021-10-15 00:00:00+00,3.22111
2021-10-16 00:00:00+00,3.22111
2021-10-17 00:00:00+00,3.221262
2021-10-18 00:00:00+00,3.21889
2021-10-19 00:00:00+00,3.2118
2021-10-20 00:00:00+00,3.21254
2021-10-21 00:00:00+00,3.20826
2021-10-22 00:00:00+00,3.20597
2021-10-23 00:00:00+00,3.20597
2021-10-24 00:00:00+00,3.206282
2021-10-25 00:00:00+00,3.20095
2021-10-26 00:00:00+00,3.19951
2021-10-27 00:00:00+00,3.1904
2021-10-28 00:00:00+00,3.16495
2021-10-29 00:00:00+00,3.158535
2021-10-30 00:00:00+00,3.158535
2021-10-31 00:00:00+00,3.157651
2021-11-01 00:00:00+00,3.1175
2021-11-02 00:00:00+00,3.13813
2021-11-03 00:00:00+00,3.117665
2021-11-04 00:00:00+00,3.10866
2021-11-05 00:00:00+00,3.10978
2021-11-06 00:00:00+00,3.10978
2021-11-07 00:00:00+00,3.109684
2021-11-09 00:00:00+00,3.110075
2021-11-10 00:00:00+00,3.11408
2021-11-11 00:00:00+00,3.11881
2021-11-12 00:00:00+00,3.10947
2021-11-13 00:00:00+00,3.10947
2021-11-14 00:00:00+00,3.109318
2021-11-16 00:00:00+00,3.09215
2021-11-17 00:00:00+00,3.076686
2021-11-18 00:00:00+00,3.085498
2021-11-19 00:00:00+00,3.09632
2021-11-20 00:00:00+00,3.09632
2021-11-21 00:00:00+00,3.097312
2021-11-22 00:00:00+00,3.0882
2021-11-23 00:00:00+00,3.13444
2021-11-24 00:00:00+00,3.15136
2021-11-25 00:00:00+00,3.16104
2021-11-27 00:00:00+00,3.183725
2021-11-28 00:00:00+00,3.185445
2021-11-29 00:00:00+00,3.16727
2021-11-30 00:00:00+00,3.150275
2021-12-01 00:00:00+00,3.15294
2021-12-02 00:00:00+00,3.16757
2021-12-04 00:00:00+00,3.16203
2021-12-05 00:00:00+00,3.162198
2021-12-06 00:00:00+00,3.16779
2021-12-07 00:00:00+00,3.12977
2021-12-08 00:00:00+00,3.098638
2021-12-09 00:00:00+00,3.10131
2021-12-10 00:00:00+00,3.10159
2021-12-11 00:00:00+00,3.10159
2021-12-12 00:00:00+00,3.094265
2021-12-13 00:00:00+00,3.11533
2021-12-14 00:00:00+00,3.13822
2021-12-15 00:00:00+00,3.13897
2021-12-18 00:00:00+00,3.12649
2021-12-19 00:00:00+00,3.128882
2021-12-20 00:00:00+00,3.16935
2021-12-22 00:00:00+00,3.16536
2021-12-23 00:00:00+00,3.15278
2021-12-24 00:00:00+00,3.15181
2021-12-25 00:00:00+00,3.15181
2021-12-26 00:00:00+00,3.150699
2021-12-27 00:00:00+00,3.11366
2021-12-28 00:00:00+00,3.10263
2021-12-29 00:00:00+00,3.1196
2021-12-30 00:00:00+00,3.10571
2021-12-31 00:00:00+00,3.10836
2022-01-01 00:00:00+00,3.10836
2022-01-02 00:00:00+00,3.11049
2022-01-03 00:00:00+00,3.11119
2022-01-04 00:00:00+00,3.08582
2022-01-05 00:00:00+00,3.096092
2022-01-06 00:00:00+00,3.11529
2022-01-07 00:00:00+00,3.1152
2022-01-08 00:00:00+00,3.1152
2022-01-10 00:00:00+00,3.13934
2022-01-11 00:00:00+00,3.11792
2022-01-12 00:00:00+00,3.10717
2022-01-13 00:00:00+00,3.112025
2022-01-14 00:00:00+00,3.10734
2022-01-15 00:00:00+00,3.10734
2022-01-16 00:00:00+00,3.10722
2022-01-17 00:00:00+00,3.11004
2022-01-18 00:00:00+00,3.132085
2022-01-19 00:00:00+00,3.13796
2022-01-20 00:00:00+00,3.12569
2022-01-22 00:00:00+00,3.14108
2022-01-23 00:00:00+00,3.141216
2022-01-24 00:00:00+00,3.17977
2022-01-25 00:00:00+00,3.18253
2022-01-26 00:00:00+00,3.177762
2022-01-27 00:00:00+00,3.19572
2022-01-28 00:00:00+00,3.20239
2022-01-29 00:00:00+00,3.20239
2022-01-30 00:00:00+00,3.20291
2022-01-31 00:00:00+00,3.17935
2022-02-01 00:00:00+00,3.17041
2022-02-02 00:00:00+00,3.17145
2022-02-03 00:00:00+00,3.18936
2022-02-04 00:00:00+00,3.2084
2022-02-05 00:00:00+00,3.2084
2022-02-06 00:00:00+00,3.208856
2022-02-07 00:00:00+00,3.19247
2022-02-09 00:00:00+00,3.20787
2022-02-10 00:00:00+00,3.219002
2022-02-11 00:00:00+00,3.23564
2022-02-13 00:00:00+00,3.235848
2022-02-14 00:00:00+00,3.26183
2022-02-15 00:00:00+00,3.21827
2022-02-16 00:00:00+00,3.19012
2022-02-17 00:00:00+00,3.209974
2022-02-18 00:00:00+00,3.20199
2022-02-19 00:00:00+00,3.20199
2022-02-20 00:00:00+00,3.201894
2022-02-21 00:00:00+00,3.214858
2022-02-22 00:00:00+00,3.22692
2022-02-25 00:00:00+00,3.232405
2022-02-26 00:00:00+00,3.232405
2022-02-27 00:00:00+00,3.232649
2022-02-28 00:00:00+00,3.20581
2022-03-01 00:00:00+00,3.22259
2022-03-02 00:00:00+00,3.23761
2022-03-03 00:00:00+00,3.24381
2022-03-04 00:00:00+00,3.282075
2022-03-05 00:00:00+00,3.282075
2022-03-07 00:00:00+00,3.28657
2022-03-09 00:00:00+00,3.25618
2022-03-10 00:00:00+00,3.27213
2022-03-11 00:00:00+00,3.25085
2022-03-12 00:00:00+00,3.25085
2022-03-13 00:00:00+00,3.250794
2022-03-15 00:00:00+00,3.28096
2022-03-17 00:00:00+00,3.23486
2022-03-18 00:00:00+00,3.24507
2022-03-19 00:00:00+00,3.24507
2022-03-20 00:00:00+00,3.24578
2022-03-21 00:00:00+00,3.2164
2022-03-22 00:00:00+00,3.21494
2022-03-23 00:00:00+00,3.22037
2022-03-25 00:00:00+00,3.21492
2022-03-26 00:00:00+00,3.21492
2022-03-27 00:00:00+00,3.215025
2022-03-28 00:00:00+00,3.22219
2022-03-29 00:00:00+00,3.19281
2022-03-30 00:00:00+00,3.180265
2022-03-31 00:00:00+00,3.190545
2022-04-01 00:00:00+00,3.203035
2022-04-02 00:00:00+00,3.203035
2022-04-04 00:00:00+00,3.20973
2022-04-05 00:00:00+00,3.204985
2022-04-06 00:00:00+00,3.23828
2022-04-07 00:00:00+00,3.22507
2022-04-09 00:00:00+00,3.22223
2022-04-10 00:00:00+00,3.221925
2022-04-11 00:00:00+00,3.211155
2022-04-12 00:00:00+00,3.202705
2022-04-13 00:00:00+00,3.21946
2022-04-14 00:00:00+00,3.22045
2022-04-15 00:00:00+00,3.2211
2022-04-16 00:00:00+00,3.2211
2022-04-17 00:00:00+00,3.220828
2022-04-18 00:00:00+00,3.235485
2022-04-21 00:00:00+00,3.243205
2022-04-22 00:00:00+00,3.26879
2022-04-23 00:00:00+00,3.26879
2022-04-25 00:00:00+00,3.294755
2022-04-26 00:00:00+00,3.293385
2022-04-27 00:00:00+00,3.318975
2022-04-28 00:00:00+00,3.32849
2022-04-29 00:00:00+00,3.3417
2022-04-30 00:00:00+00,3.3417
2022-05-01 00:00:00+00,3.341425
2022-05-02 00:00:00+00,3.356805
2022-05-03 00:00:00+00,3.353655
2022-05-04 00:00:00+00,3.387465
2022-05-05 00:00:00+00,3.4201
2022-05-06 00:00:00+00,3.40141
2022-05-07 00:00:00+00,3.40141
2022-05-09 00:00:00+00,3.43561
2022-05-11 00:00:00+00,3.43487
2022-05-13 00:00:00+00,3.4076
2022-05-16 00:00:00+00,3.389935
2022-05-17 00:00:00+00,3.35044
2022-05-18 00:00:00+00,3.364393
2022-05-19 00:00:00+00,3.378865
2022-05-20 00:00:00+00,3.36089
2022-05-21 00:00:00+00,3.36089
2022-05-22 00:00:00+00,3.359851
2022-05-23 00:00:00+00,3.341035
2022-05-24 00:00:00+00,3.36231
2022-05-25 00:00:00+00,3.34437
2022-05-26 00:00:00+00,3.34912
2022-05-27 00:00:00+00,3.34467
2022-05-29 00:00:00+00,3.342338
2022-05-31 00:00:00+00,3.330115
2022-06-01 00:00:00+00,3.34256
2022-06-02 00:00:00+00,3.3303
2022-06-03 00:00:00+00,3.335
2022-06-04 00:00:00+00,3.335
2022-06-05 00:00:00+00,3.334714
2022-06-06 00:00:00+00,3.317085
2022-06-07 00:00:00+00,3.344215
2022-06-09 00:00:00+00,3.35664
2022-06-10 00:00:00+00,3.39424
2022-06-11 00:00:00+00,3.39424
2022-06-12 00:00:00+00,3.396145
2022-06-13 00:00:00+00,3.464925
2022-06-16 00:00:00+00,3.463835
2022-06-17 00:00:00+00,3.462015
2022-06-18 00:00:00+00,3.462015
2022-06-19 00:00:00+00,3.451129
2022-06-20 00:00:00+00,3.446621
2022-06-21 00:00:00+00,3.448745
2022-06-22 00:00:00+00,3.43657
2022-06-23 00:00:00+00,3.45126
2022-06-24 00:00:00+00,3.41224
2022-06-27 00:00:00+00,3.4211
2022-06-28 00:00:00+00,3.43463
2022-06-29 00:00:00+00,3.459725
2022-06-30 00:00:00+00,3.500925
2022-07-01 00:00:00+00,3.53163
2022-07-02 00:00:00+00,3.53163
2022-07-03 00:00:00+00,3.528191
2022-07-04 00:00:00+00,3.501225
2022-07-05 00:00:00+00,3.526295
2022-07-07 00:00:00+00,3.46747
2022-07-08 00:00:00+00,3.459205
2022-07-10 00:00:00+00,3.459026
2022-07-11 00:00:00+00,3.483885
2022-07-12 00:00:00+00,3.473055
2022-07-13 00:00:00+00,3.45599
2022-07-14 00:00:00+00,3.49913
2022-07-15 00:00:00+00,3.46459
2022-07-16 00:00:00+00,3.46459
2022-07-17 00:00:00+00,3.466005
2022-07-18 00:00:00+00,3.440225
2022-07-19 00:00:00+00,3.43828
2022-07-20 00:00:00+00,3.438425
2022-07-21 00:00:00+00,3.449745
2022-07-25 00:00:00+00,3.43723
2022-07-26 00:00:00+00,3.445855
2022-07-27 00:00:00+00,3.42237
2022-07-28 00:00:00+00,3.417705
2022-07-29 00:00:00+00,3.409055
2022-07-30 00:00:00+00,3.409055
2022-07-31 00:00:00+00,3.405198
2022-08-01 00:00:00+00,3.360535
2022-08-02 00:00:00+00,3.371205
2022-08-03 00:00:00+00,3.36502
2022-08-04 00:00:00+00,3.345275
2022-08-05 00:00:00+00,3.346625
2022-08-06 00:00:00+00,3.346625
2022-08-07 00:00:00+00,3.345786
2022-08-08 00:00:00+00,3.3081
2022-08-09 00:00:00+00,3.310975
2022-08-10 00:00:00+00,3.261685
2022-08-11 00:00:00+00,3.233375
2022-08-12 00:00:00+00,3.23945
2022-08-13 00:00:00+00,3.23945
2022-08-14 00:00:00+00,3.236644
2022-08-15 00:00:00+00,3.27736
2022-08-16 00:00:00+00,3.26299
2022-08-17 00:00:00+00,3.250355
2022-08-18 00:00:00+00,3.248295
2022-08-19 00:00:00+00,3.27672
2022-08-20 00:00:00+00,3.27672
2022-08-21 00:00:00+00,3.277684
2022-08-22 00:00:00+00,3.292945
2022-08-23 00:00:00+00,3.263385
2022-08-24 00:00:00+00,3.27169
2022-08-25 00:00:00+00,3.269505
2022-08-26 00:00:00+00,3.252265
2022-08-27 00:00:00+00,3.252265
2022-08-28 00:00:00+00,3.260744
2022-08-30 00:00:00+00,3.327935
2022-08-31 00:00:00+00,3.327775
2022-09-01 00:00:00+00,3.39782
2022-09-02 00:00:00+00,3.37341
2022-09-03 00:00:00+00,3.37341
2022-09-04 00:00:00+00,3.372605
2022-09-05 00:00:00+00,3.40822
2022-09-06 00:00:00+00,3.41824
2022-09-07 00:00:00+00,3.43037
2022-09-08 00:00:00+00,3.434735
2022-09-09 00:00:00+00,3.40953
2022-09-10 00:00:00+00,3.40953
2022-09-11 00:00:00+00,3.402079
2022-09-12 00:00:00+00,3.364705
2022-09-13 00:00:00+00,3.424141
2022-09-14 00:00:00+00,3.42549
2022-09-15 00:00:00+00,3.429635
2022-09-17 00:00:00+00,3.43101
2022-09-18 00:00:00+00,3.437314
2022-09-19 00:00:00+00,3.44493
2022-09-20 00:00:00+00,3.44853
2022-09-21 00:00:00+00,3.46119
2022-09-22 00:00:00+00,3.494115
2022-09-23 00:00:00+00,3.509225
2022-09-26 00:00:00+00,3.51564
2022-09-27 00:00:00+00,3.500695
2022-09-28 00:00:00+00,3.530695
2022-09-30 00:00:00+00,3.55854
2022-10-02 00:00:00+00,3.557155
2022-10-03 00:00:00+00,3.55074
2022-10-04 00:00:00+00,3.504205
2022-10-05 00:00:00+00,3.547245
2022-10-06 00:00:00+00,3.532435
2022-10-07 00:00:00+00,3.539795
2022-10-08 00:00:00+00,3.539795
2022-10-09 00:00:00+00,3.539535
2022-10-10 00:00:00+00,3.564855
2022-10-11 00:00:00+00,3.58119
2022-10-13 00:00:00+00,3.585855
2022-10-14 00:00:00+00,3.54558
2022-10-15 00:00:00+00,3.54558
2022-10-16 00:00:00+00,3.549534
2022-10-17 00:00:00+00,3.519245
2022-10-18 00:00:00+00,3.522415
2022-10-19 00:00:00+00,3.53812
2022-10-20 00:00:00+00,3.529395
2022-10-21 00:00:00+00,3.560745
2022-10-22 00:00:00+00,3.560745
2022-10-23 00:00:00+00,3.550359
2022-10-24 00:00:00+00,3.55607
2022-10-25 00:00:00+00,3.51818
2022-10-26 00:00:00+00,3.49351
2022-10-27 00:00:00+00,3.50793
2022-10-28 00:00:00+00,3.53258
2022-10-29 00:00:00+00,3.53258
2022-10-30 00:00:00+00,3.530997
2022-10-31 00:00:00+00,3.519335
2022-11-01 00:00:00+00,3.53664
2022-11-02 00:00:00+00,3.52916
2022-11-03 00:00:00+00,3.579345
2022-11-04 00:00:00+00,3.5486
2022-11-05 00:00:00+00,3.5486
2022-11-06 00:00:00+00,3.548615
2022-11-07 00:00:00+00,3.543918
2022-11-08 00:00:00+00,3.5348
2022-11-09 00:00:00+00,3.54893
2022-11-10 00:00:00+00,3.47925
2022-11-11 00:00:00+00,3.41625
2022-11-12 00:00:00+00,3.41625
2022-11-13 00:00:00+00,3.414041
2022-11-14 00:00:00+00,3.42865
2022-11-15 00:00:00+00,3.411985
2022-11-16 00:00:00+00,3.4321
2022-11-17 00:00:00+00,3.47525
2022-11-18 00:00:00+00,3.4666
2022-11-19 00:00:00+00,3.4666
2022-11-20 00:00:00+00,3.46705
2022-11-21 00:00:00+00,3.47546
2022-11-22 00:00:00+00,3.46965
2022-11-23 00:00:00+00,3.4235
2022-11-24 00:00:00+00,3.41985
2022-11-25 00:00:00+00,3.422195
2022-11-28 00:00:00+00,3.432975
2022-11-29 00:00:00+00,3.43749
2022-11-30 00:00:00+00,3.45
2022-12-02 00:00:00+00,3.40605
2022-12-04 00:00:00+00,3.400804
2022-12-05 00:00:00+00,3.40141
2022-12-06 00:00:00+00,3.42191
2022-12-08 00:00:00+00,3.4336
2022-12-09 00:00:00+00,3.41905
2022-12-11 00:00:00+00,3.419978
2022-12-12 00:00:00+00,3.43785
2022-12-13 00:00:00+00,3.3992
2022-12-14 00:00:00+00,3.39925
2022-12-15 00:00:00+00,3.442365
2022-12-16 00:00:00+00,3.4637
2022-12-17 00:00:00+00,3.4637
2022-12-18 00:00:00+00,3.46365
2022-12-19 00:00:00+00,3.45747
2022-12-20 00:00:00+00,3.46403
2022-12-21 00:00:00+00,3.469765
2022-12-22 00:00:00+00,3.49575